n,rho,theta_bar_deg,n_events,ds_mean,ds_std,q_sat,q_std,smin_C_min,abs_gain,status
8,0.8,40,7,3.1337809673036223,4.1428934642496165,-1.0985522752904076,0.5879139051453052,0.4493532451472205,4.295061066060464,ok
8,0.8,60,7,5.927872770339221,7.368031374723353,0.410147015624855,1.807927888659889,0.2636418887958833,2.7166446153009343,ok
8,0.8,72.8,0,,,9.365796833994638,0.07064873611595057,0.4427405821973225,2.440718844044813,ok
8,0.8,90,0,,,9.035084880260058e-07,0.0,1.5690821500792846e-09,inf,ok
8,0.8,110,0,,,9.345731968868021,0.09372693980229985,0.399902877034636,2.482325251798011,ok
8,0.8,130,7,1.7827961632512574,0.007014379663979156,-2.3640585807997656,0.02780466666337706,0.42334311586311213,3.185526962746353,ok
8,1.0,40,7,2.810894440132071,3.8230340362271527,0.8918250840006244,1.4098537326570395,0.5444569680401429,8.003408784524744,ok
8,1.0,60,7,4.594723052420016,5.94166334346083,-2.0937687309694972,0.01607165047187377,0.5526935614641207,3.732050807568878,ok
8,1.0,72.8,7,5.813247301441031,7.364803956961206,-0.29167259447566807,1.837086263548279,0.42053230892458127,3.1964584377310623,ok
8,1.0,90,0,,,9.428090526064636e-07,0.0,4.395885725360802e-10,inf,ok
8,1.0,110,7,2.3048155809418893,0.004330708191071539,0.19526416155164683,1.8280750031112696,0.4622072405564096,3.2743160852065154,ok
8,1.0,130,7,1.403039711988723,0.005550446696910574,-2.4435546598828335,0.0008345784010356118,0.5734621645445483,4.758770483143635,ok
8,1.2,40,7,2.66290508299052,3.7672207990950075,2.0000232376779823,0.6071778983220321,0.5941794405955965,29.045502162685914,ok
8,1.2,60,7,4.071796463728694,5.399414920916137,-2.094389885614955,0.00011554100268211599,0.6426534641728051,5.510847396259813,ok
8,1.2,72.8,7,4.933013382201332,6.421911420949112,-2.4991670824351515,0.13841771557029517,0.47321875262594776,4.377633224921161,ok
8,1.2,90,0,,,9.682458366189195e-07,0.0,9.243312295768976e-11,inf,ok
8,1.2,110,7,1.8482144944162124,0.02259820887036432,-2.633262976508039,0.37629198770336353,0.5247915437888165,4.532605439658052,ok
8,1.2,130,7,1.1851120397096744,0.04942873425640688,-2.3398810292669805,0.3485550909369965,0.6506863614057073,8.226980785741492,ok
8,1.4,40,1,,,2.3617689470681764,0.15653562165960405,0.6156215662538598,23.470223885587487,ok
8,1.4,60,7,3.7775687641397777,5.172991319485218,-2.094398744326584,1.8809500311627457e-05,0.6354416416371662,9.432444481916209,ok
8,1.4,72.8,7,4.498243388396407,6.0755504094554835,-2.54175139166547,0.003211513802932845,0.45381826519886354,6.484209426763091,ok
8,1.4,90,0,,,9.843059136649401e-07,0.0,1.2930980607005129e-11,inf,ok
8,1.4,110,7,1.5724188990500008,0.11877578962457805,-2.8524548323293484,0.003821464353634598,0.5064664491919683,6.84081393665627,ok
8,1.4,130,7,1.0010297028126467,0.16374198437710893,-1.3871282060016192,1.32296338607428,0.6744523279970321,22.197846993393867,ok
8,1.6,40,1,,,2.4757938780001543,0.022371043799654197,0.6221619570193032,9.177314884722582,ok
8,1.6,60,7,3.5924971884071595,5.162264073222113,-2.094500991674695,0.00033993327253345983,0.6215661739727943,25.233096782319194,ok
8,1.6,72.8,7,4.221248111919979,5.979124257743767,-2.541173928759201,9.639992081185687e-05,0.43388037902704174,11.304075713648766,ok
8,1.6,90,0,,,9.938079899018959e-07,0.0,8.842361596630391e-13,inf,ok
8,1.6,110,7,1.3475746724347886,0.25187756952496865,-2.873844312183902,8.384215914423374e-05,0.4866791190793251,12.45371882207111,ok
8,1.6,130,1,,,-0.34574656163281353,1.6214280830936574,0.6734719599735849,46.12041700880623,ok
8,1.8,40,1,,,2.5197033254169905,0.036296825193482596,0.6169519209539538,5.998107664278415,ok
8,1.8,60,1,,,-2.0394979140902536,0.13096473342158274,0.6041146061477348,51.98076211353289,ok
8,1.8,72.8,7,4.02907423788931,6.07794055575986,-2.5411993857881123,3.065181716800096e-07,0.41473772138162573,33.562469850611436,ok
8,1.8,90,0,,,9.986139979378805e-07,0.0,1.0779004936488539e-14,inf,ok
8,1.8,110,7,1.112054324604289,0.38671301645604284,-2.8931993946472323,1.2307475061732433e-06,0.4668601325926906,46.34847949972194,ok
8,1.8,130,1,,,0.42870245449438216,1.3961812692829205,0.6617634526702095,12.437292501413296,ok
12,0.8,40,11,2.842178135404965,4.787897101598251,-1.3950259222789927,0.004392237527815659,0.4493564968108096,4.295061066060464,ok
12,0.8,60,10,2.621855586342784,0.03685868488531998,2.5583792600651587,0.0005378347046045207,0.26366187925413964,2.7166446153009343,ok
12,0.8,72.8,0,,,4.065800944275483,1.0185304056293174,0.43999905411429646,2.440718844044813,ok
12,0.8,90,0,,,9.035079036046056e-07,0.0,5.1081193276189135e-11,inf,ok
12,0.8,110,0,,,3.911361474108546,0.8632204704981059,0.3989229055654399,2.482325251798011,ok
12,0.8,130,11,1.7844160771532454,0.00578417583405599,1.7587613626350913,0.05315150437059759,0.42338032258535563,3.185526962746353,ok
12,1.0,40,11,2.4820818529529665,4.284508298280957,-1.3962634038345743,2.510072578765625e-07,0.5444579028462222,8.003408784524744,ok
12,1.0,60,10,1.9001145367386476,0.13444804183679615,2.623078312707493,0.03196252736367687,0.5527496526508856,3.732050807568878,ok
12,1.0,72.8,10,2.4810834926779446,0.13812995209591558,2.841409561181073,0.00024559772708628605,0.4207083405084494,3.1964584377310623,ok
12,1.0,90,0,,,9.428090415042334e-07,0.0,5.2681564606901135e-12,inf,ok
12,1.0,110,11,2.305810622165629,0.003569041820911768,2.4434138025403738,0.00014768684895134012,0.4623680941439586,3.2743160852065154,ok
12,1.0,130,11,1.404096017381869,0.004489781467987322,-1.0120072677888257,1.4868367193605203,0.5734633359515876,4.758770483143635,ok
12,1.2,40,11,2.2959073500980334,4.093847499310111,-1.3962634016822897,3.3536150987594216e-10,0.5941794167585853,29.045502162685914,ok
12,1.2,60,11,3.681476644513828,6.218101626421043,0.9223658994947858,1.620440599441983,0.642700180610074,5.510847396259813,ok
12,1.2,72.8,10,2.005317090597101,0.19093542023614685,2.8694385471984027,0.006044720582900604,0.4732120641358929,4.377633224921161,ok
12,1.2,90,0,,,9.682458366189195e-07,0.0,3.5156699187233027e-13,inf,ok
12,1.2,110,11,1.8523716355532713,0.01822992468359171,2.4421724344057503,0.0037586330122676677,0.5247909800142868,4.532605439658052,ok
12,1.2,130,11,1.193980850874499,0.03979828613947764,-2.4317548221912464,0.1938163851684657,0.6506911702427105,8.226980785741492,ok
12,1.4,40,1,,,-1.3961937045138728,0.0002689846446607543,0.6156228725043332,23.470223885587487,ok
12,1.4,60,11,3.362239003472645,5.8202462505784895,-0.9734295633998269,1.3118667514027742,0.6354417164053886,9.432444481916209,ok
12,1.4,72.8,10,1.7398719521496198,0.097319765006265,2.4928776745585917,0.6071288613984985,0.4538183023461348,6.484209426763091,ok
12,1.4,90,0,,,9.843059136649401e-07,0.0,1.222983234964351e-14,inf,ok
12,1.4,110,11,1.5940349119071184,0.09573657053664206,2.130232454257864,0.5658972350480016,0.5064665468470159,6.84081393665627,ok
12,1.4,130,11,1.0329746481120747,0.13273123884396376,-2.5647284590537844,0.0003346952413114907,0.6744528699981113,22.197846993393867,ok
12,1.6,40,1,,,-1.3348438515323204,0.15611383662279085,0.6224114892086768,9.177314884722582,ok
12,1.6,60,11,3.153477061059396,5.6570831890322095,-1.8091843052460024,0.5195255468695581,0.6215661758760603,25.233096782319194,ok
12,1.6,72.8,11,3.7554660864510176,6.649169918727481,1.1677737468179283,1.5500113272325244,0.4338804004040916,11.304075713648766,ok
12,1.6,90,0,,,9.938079899018959e-07,0.0,1.4413967501958768e-16,inf,ok
12,1.6,110,11,1.3982404572028841,0.20473377502836548,0.7252847544107468,1.5907265186604558,0.4866791228249798,12.45371882207111,ok
12,1.6,130,1,,,-2.6110536443563457,7.424182648157008e-07,0.6734846906295101,46.12041700880623,ok
12,1.8,40,1,,,-0.9978394114371951,0.6695029930779083,0.620115105356756,5.998107664278415,ok
12,1.8,60,1,,,-2.051622499031905,0.10548602434105818,0.6041146061529021,51.98076211353289,ok
12,1.8,72.8,11,3.5472964981401516,6.57265303173625,-0.24090697150949922,1.7202515118094732,0.41473772164539935,33.562469850611436,ok
12,1.8,90,0,,,9.986139979378805e-07,0.0,1.2450627076591e-16,inf,ok
12,1.8,110,11,1.2123649789569255,0.32376150995680775,-0.7393735093324786,1.6779034764797893,0.4668601340007881,46.34847949972194,ok
12,1.8,130,1,,,-2.650698932024775,3.562646092420476e-07,0.6639504097350324,12.437292501413296,ok
16,0.8,40,15,2.7172053850416202,5.352118289980632,1.4322993587506545,1.0258309516531618,0.44935685345793835,4.295061066060464,ok
16,0.8,60,14,2.617629246374252,0.03131663163538664,2.558466511629685,1.7442309211032268e-06,0.2636667922059519,2.7166446153009343,ok
16,0.8,72.8,0,,,3.1424452856028586,0.0009856453400195972,0.4394051233085195,2.440718844044813,ok
16,0.8,90,0,,,9.035079029384718e-07,0.0,1.6937519163103752e-12,inf,ok
16,0.8,110,0,,,3.1420274873759104,0.0005196208300214978,0.3988311696352013,2.482325251798011,ok
16,0.8,130,15,1.7851104969474323,0.005010312478827366,1.7453306211234894,5.2194717633764646e-06,0.4233791656774803,3.185526962746353,ok
16,1.0,40,15,2.341162176173211,4.706866983325937,-0.8994022167552221,0.8100175933809824,0.5444572950087398,8.003408784524744,ok
16,1.0,60,14,1.8853711775091844,0.11403253813826845,2.617994035916735,8.809750027279636e-07,0.5527503077914561,3.732050807568878,ok
16,1.0,72.8,14,2.465966341895569,0.11714665515064251,2.8413960252867945,9.102303280185675e-08,0.4207091462394762,3.1964584377310623,ok
16,1.0,90,0,,,9.428090415042334e-07,0.0,6.395704877864233e-14,inf,ok
16,1.0,110,15,2.3062370733873796,0.00309083756743978,2.443460943616722,1.932076450111361e-08,0.51379676792217,3.2743160852065154,ok
16,1.0,130,15,1.4045488440426919,0.003861516738176223,1.7454099192014203,0.0005072169266636834,0.5734622416308307,4.758770483143635,ok
16,1.2,40,15,2.1386226320829174,4.417959992286057,-1.3938380642588704,0.01102020523040473,0.5941794608732338,29.045502162685914,ok
16,1.2,60,14,1.590504879010575,0.13641095717647875,2.666704136566774,1.1616673183214808e-05,0.6427001806100076,5.510847396259813,ok
16,1.2,72.8,14,1.9832326720755264,0.16228485576056279,2.868891709193096,4.6513078293120773e-08,0.4732120344470777,4.377633224921161,ok
16,1.2,90,0,,,9.682458366189195e-07,0.0,1.1856066026628033e-15,inf,ok
16,1.2,110,15,1.8541532087356938,0.015662493283466535,2.443460945677455,2.089445632825773e-08,0.5253159543623913,4.532605439658052,ok
16,1.2,130,15,1.1977818349462765,0.034168383023986205,1.4997573068291086,0.49445857399531523,0.6506910844784953,8.226980785741492,ok
16,1.4,40,1,,,-1.3962612182554546,8.44812000913383e-06,0.6156229489345906,23.470223885587487,ok
16,1.4,60,14,1.4061780904374481,0.08835118045901935,2.7074408723267864,0.001103608660492733,0.6354417164053885,9.432444481916209,ok
16,1.4,72.8,14,1.7238312170339447,0.0844741228342279,2.8917972587529674,1.540514922748348e-07,0.4538183011520774,6.484209426763091,ok
16,1.4,90,0,,,9.843059136649401e-07,0.0,1.1752768564674355e-16,inf,ok
16,1.4,110,15,1.603298961789898,0.08222734211753664,2.443460972163334,5.374115716999701e-08,0.5064665503055333,6.84081393665627,ok
16,1.4,130,15,1.0466654781853026,0.11424790609204102,-0.030944279296477646,1.5834458333396888,0.6744528872047473,22.197846993393867,ok
16,1.6,40,1,,,-1.3962631774369596,7.490950246603332e-07,0.6224114892086345,9.177314884722582,ok
16,1.6,60,14,1.2617354652587862,0.08775474829893017,2.6048311994971334,0.2743818736668815,0.6215661757698129,25.233096782319194,ok
16,1.6,72.8,14,1.5361148564022093,0.12011487475482294,2.9111685899347517,6.737772148683101e-07,0.43388039484911445,11.304075713648766,ok
16,1.6,90,0,,,9.938079899018959e-07,0.0,1.2511303002680793e-16,inf,ok
16,1.6,110,15,1.4199546663338887,0.17640495763909295,2.4434607893085736,5.683440691859647e-07,0.4866791248676161,12.45371882207111,ok
16,1.6,130,1,,,-1.4146835538130003,1.3241024519757267,0.6734847338233052,46.12041700880623,ok
16,1.8,40,1,,,-1.396263338115783,1.959117083229652e-07,0.6201154176920688,5.998107664278415,ok
16,1.8,60,1,,,1.9781103010461691,0.9874726213945625,0.604114606152902,51.98076211353289,ok
16,1.8,72.8,14,1.3746022975550907,0.20970026329603622,2.927771510237136,3.8481054906089406e-05,0.4147377213693814,33.562469850611436,ok
16,1.8,90,0,,,9.986139979378805e-07,0.0,1.230034974568632e-16,inf,ok
16,1.8,110,15,1.2553554939865366,0.28194498028392306,2.4434647167035037,1.935351469412376e-05,0.46686013266099113,46.34847949972194,ok
16,1.8,130,1,,,-2.221553659801149,0.6568205800362703,0.6639504291762524,12.437292501413296,ok
24,0.8,40,22,1.2213754081991859,0.08403423982437773,2.165396679912827,1.4639973476169903e-10,0.4493572679160689,4.295061066060464,ok
24,0.8,60,15,2.617652898792813,0.0299740537095563,2.5584665085984715,1.7445873920469887e-06,0.2636667922053942,2.7166446153009343,ok
24,0.8,72.8,0,,,3.14159264986493,5.4755945333931195e-09,0.4392322351263355,2.440718844044813,ok
24,0.8,90,0,,,9.035079029384718e-07,0.0,2.0756626681611753e-15,inf,ok
24,0.8,110,0,,,3.1415926487987558,6.310191795529134e-09,0.39882093067419977,2.482325251798011,ok
24,0.8,130,22,1.7857910856797883,0.004172789765536104,1.7453292519474646,1.6850466303076985e-10,0.47534286818894494,3.185526962746353,ok
24,1.0,40,22,1.0202700192252103,0.10385522473512766,2.2689280303502315,1.1943590464211638e-08,0.5444572513530785,8.003408784524744,ok
24,1.0,60,21,1.8737904180758025,0.09328060651034349,2.617993877976029,6.377397217491836e-11,0.5527510900434478,3.732050807568878,ok
24,1.0,72.8,16,2.4615346898930444,0.10964033816394998,2.841396011170127,8.3895712315537e-08,0.4207091460541997,3.1964584377310623,ok
24,1.0,90,0,,,9.428090415042334e-07,0.0,1.4029705285046888e-16,inf,ok
24,1.0,110,17,2.3064585103159647,0.0029216681105330117,2.4434609509160143,1.623424509147593e-08,0.5137795052138213,3.2743160852065154,ok
24,1.0,130,23,1.4049604304560326,0.003128173805402168,1.7453292519943306,7.346220838111317e-15,0.573462364212318,4.758770483143635,ok
24,1.2,40,22,0.8979878396392971,0.07480641713623119,2.3536622245580916,2.5407665883947373e-05,0.5941794608732338,29.045502162685914,ok
24,1.2,60,22,1.5743119349298984,0.10929455732690393,2.666702280602135,3.1006841635969763e-16,0.6427001806100076,5.510847396259813,ok
24,1.2,72.8,20,1.9675455735715301,0.13620869458876755,2.8688917045785525,1.1859593821082126e-11,0.47321203432953346,4.377633224921161,ok
24,1.2,90,0,,,9.682458366189195e-07,0.0,1.2553836709761604e-16,inf,ok
24,1.2,110,22,1.8556416711985444,0.012960446174612708,2.4434609527918933,1.3739359779658696e-12,0.5961065405477356,4.532605439658052,ok
24,1.2,130,23,1.2012370930386629,0.027637541794475952,1.7453292519943295,8.106909038975678e-16,0.650691550660404,8.226980785741492,ok
24,1.4,40,1,,,2.2408235007334594,0.36635690099199,0.6156231756309416,23.470223885587487,ok
24,1.4,60,22,1.3922521853495344,0.07174524832739887,2.707250970224993,4.4353375095869516e-16,0.6354417164053885,9.432444481916209,ok
24,1.4,72.8,22,1.7100819803726812,0.06873601956749131,2.8917972770457268,5.841081590836474e-16,0.45381830234612347,6.484209426763091,ok
24,1.4,90,0,,,9.843059136649401e-07,0.0,1.1643556695749672e-16,inf,ok
24,1.4,110,23,1.6117208749914624,0.06653415152949177,2.4434609527920617,0.0,0.615654500651865,6.84081393665627,ok
24,1.4,130,23,1.0591119922662116,0.09261367256901352,1.7453292519943295,2.5510982866352576e-16,0.6744529704912298,22.197846993393867,ok
24,1.6,40,1,,,1.4621381113775052,1.21798219727125,0.6224114892086345,9.177314884722582,ok
24,1.6,60,22,1.2563022928668914,0.06939157155972914,2.7415054808182333,0.0,0.6215661758369176,25.233096782319194,ok
24,1.6,72.8,22,1.533174585832663,0.09458017459148879,2.9111688321952016,3.233018248352212e-16,0.43388040040409165,11.304075713648766,ok
24,1.6,90,0,,,9.938079899018959e-07,0.0,1.2292416866854905e-16,inf,ok
24,1.6,110,23,1.4396947233039257,0.14312490036780603,2.4434609527920617,0.0,0.6294641295956551,12.45371882207111,ok
24,1.6,130,0,,,1.7453292519943244,1.9161741833839778e-14,0.6734847202351885,46.12041700880623,ok
24,1.8,40,1,,,0.5727823957968662,1.515927661172266,0.6201152954868546,5.998107664278415,ok
24,1.8,60,1,,,2.770809618398796,0.0,0.604114606152902,51.98076211353289,ok
24,1.8,72.8,22,1.3889689219204135,0.16600459001772339,2.9277627427923063,0.0,0.4147377231677197,33.562469850611436,ok
24,1.8,90,0,,,9.986139979378805e-07,0.0,1.22601723509425e-16,inf,ok
24,1.8,110,23,1.2944375008885098,0.2307799652979439,2.4434609527920617,0.0,0.47968224904063494,46.34847949972194,ok
24,1.8,130,0,,,1.7453291608847339,2.8727780366713717e-07,0.663950449236364,12.437292501413296,ok
32,0.8,40,30,1.216137186826883,0.07201187959817254,2.1653966799223476,1.9984014443252818e-16,0.44935803648841305,4.295061066060464,ok
32,0.8,60,15,2.6176528993640944,0.029974053527824358,2.558466508598471,1.7445873920786663e-06,0.26366679220539424,2.7166446153009343,ok
32,0.8,72.8,0,,,3.1415926493663697,5.078248412490477e-09,0.4392222452275821,2.440718844044813,ok
32,0.8,90,0,,,9.035079029384718e-07,0.0,1.343670720187429e-16,inf,ok
32,0.8,110,0,,,3.141592648609247,6.169875821700412e-09,0.39882075680396073,2.482325251798011,ok
32,0.8,130,22,1.7858018673683909,0.004175264851330013,1.745329251947466,1.6850502032734896e-10,0.4753428676214536,3.185526962746353,ok
32,1.0,40,30,1.0131421159733653,0.08912829672753775,2.268928027592629,4.440892098500626e-16,0.5444573206875022,8.003408784524744,ok
32,1.0,60,21,1.873792639586974,0.09328009180503864,2.617993877976029,6.377397471167193e-11,0.5527510900434478,3.732050807568878,ok
32,1.0,72.8,16,2.4615346899806196,0.1096403381403214,2.841396011170127,8.389571231599764e-08,0.42070914605419607,3.1964584377310623,ok
32,1.0,90,0,,,9.428090415042334e-07,0.0,1.2514041416687778e-16,inf,ok
32,1.0,110,17,2.306458510372044,0.002921668126743404,2.4434609509160143,1.6234245089886425e-08,0.5137784859374176,3.2743160852065154,ok
32,1.0,130,29,1.4051192654799067,0.0027893511445283353,1.7453292519943293,0.0,0.6913505566456074,4.758770483143635,ok
32,1.2,40,30,0.8910131942569269,0.06465269369621367,2.353660506350269,3.1401849173675503e-16,0.5941794608732338,29.045502162685914,ok
32,1.2,60,25,1.5710242130394299,0.10260507524605082,2.666702280602135,3.1006841635969763e-16,0.6427001806100076,5.510847396259813,ok
32,1.2,72.8,20,1.9675455855664175,0.1362086915943318,2.8688917045785525,1.1859581876528892e-11,0.4732120343295335,4.377633224921161,ok
32,1.2,90,0,,,9.682458366189195e-07,0.0,1.2335402951444646e-16,inf,ok
32,1.2,110,22,1.8556418595363167,0.012960489252636891,2.4434609527918933,1.3739359496166537e-12,0.59530542323554,4.532605439658052,ok
32,1.2,130,31,1.2028495413305547,0.02381794908964018,1.7453292519943293,0.0,0.8393376257579181,8.226980785741492,ok
32,1.4,40,1,,,2.4240520945870747,4.440892098500626e-16,0.6156230737214958,23.470223885587487,ok
32,1.4,60,29,1.3865946202256314,0.06290118935792482,2.707250970224994,6.280369834735101e-16,0.6354417164053885,9.432444481916209,ok
32,1.4,72.8,24,1.708139387151784,0.06598049414735421,2.8917972770457268,5.824175385795272e-16,0.45381830234612347,6.484209426763091,ok
32,1.4,90,0,,,9.843059136649401e-07,0.0,1.1643550560191687e-16,inf,ok
32,1.4,110,25,1.6129491386256234,0.06383172270501436,2.4434609527920617,0.0,0.6151942266031585,6.84081393665627,ok
32,1.4,130,31,1.0649201415286698,0.07989233087577215,1.7453292519943293,0.0,0.6744529709662882,22.197846993393867,ok
32,1.6,40,1,,,2.4833219408584006,1.0895245946975955e-11,0.6224114892086345,9.177314884722582,ok
32,1.6,60,30,1.2538667355147077,0.05918135866379509,2.7415054808182333,0.0,0.6215661794792767,25.233096782319194,ok
32,1.6,72.8,26,1.532410138055066,0.08670185646775283,2.9111688321952016,2.617867283516783e-16,0.43388040040409165,11.304075713648766,ok
32,1.6,90,0,,,9.938079899018959e-07,0.0,1.226471114323696e-16,inf,ok
32,1.6,110,28,1.4460920371926478,0.12988972253848374,2.4434609527920617,0.0,0.629257694143134,12.45371882207111,ok
32,1.6,130,0,,,1.7453292519943293,0.0,0.6734847033087676,46.12041700880623,ok
32,1.8,40,1,,,2.5338294316671846,2.884633754053667e-07,0.6201156004826514,5.998107664278415,ok
32,1.8,60,1,,,2.770809618398796,0.0,0.604114606152902,51.98076211353289,ok
32,1.8,72.8,29,1.3948054572935698,0.1441191811231287,2.9277627427923063,0.0,0.4147377231677197,33.562469850611436,ok
32,1.8,90,0,,,9.986139979378805e-07,0.0,1.2252584333800852e-16,inf,ok
32,1.8,110,31,1.3126759157940817,0.1999291052860395,2.4434609527920617,0.0,0.6394942664078522,46.34847949972194,ok
32,1.8,130,0,,,1.7453292519943293,0.0,0.6639504206064566,12.437292501413296,ok
